"No.","Time","Source","Destination","Protocol","Length","Info"
"2","3.105089","192.168.0.21","192.168.3.255","UDP","237","56059  >  5805 Len=195"
"3","3.105741","192.168.0.21","192.168.3.255","UDP","68","56059  >  5805 Len=26"
"4","3.106217","192.168.0.21","192.168.3.255","UDP","45","56059  >  5805 Len=3"
"7","4.607054","192.168.0.21","192.168.3.255","UDP","79","56059  >  5805 Len=37"
"8","4.608108","192.168.0.21","192.168.3.255","UDP","352","56059  >  5805 Len=310"
"9","4.608969","192.168.0.21","192.168.3.255","UDP","181","56059  >  5805 Len=139"
"11","6.109872","192.168.0.21","192.168.3.255","UDP","193","56059  >  5805 Len=151"
"12","6.110964","192.168.0.21","192.168.3.255","UDP","103","56059  >  5805 Len=61"
"13","6.111825","192.168.0.21","192.168.3.255","UDP","118","56059  >  5805 Len=76"
"14","6.112511","192.168.0.21","192.168.3.255","UDP","181","56059  >  5805 Len=139"
"15","6.112807","192.168.0.21","192.168.3.255","UDP","119","56059  >  5805 Len=77"
"16","6.113138","192.168.0.21","192.168.3.255","UDP","228","56059  >  5805 Len=186"
"17","6.113857","192.168.0.21","192.168.3.255","UDP","135","56059  >  5805 Len=93"
"18","6.114349","192.168.0.21","192.168.3.255","UDP","195","56059  >  5805 Len=153"
"19","6.115344","192.168.0.21","192.168.3.255","UDP","120","56059  >  5805 Len=78"
"27","7.616159","192.168.0.21","192.168.3.255","UDP","132","56059  >  5805 Len=90"
"28","7.618186","192.168.0.21","192.168.3.255","UDP","179","56059  >  5805 Len=137"
"29","7.622214","192.168.0.21","192.168.3.255","UDP","173","56059  >  5805 Len=131"
"33","12.123376","192.168.0.21","192.168.3.255","UDP","158","56059  >  5805 Len=116"
"34","12.124671","192.168.0.21","192.168.3.255","UDP","222","56059  >  5805 Len=180"
"35","12.126081","192.168.0.21","192.168.3.255","UDP","164","56059  >  5805 Len=122"
"41","13.627001","192.168.0.21","192.168.3.255","UDP","121","56059  >  5805 Len=79"
"42","13.627985","192.168.0.21","192.168.3.255","UDP","45","56059  >  5805 Len=3"
"43","13.629225","192.168.0.21","192.168.3.255","UDP","144","56059  >  5805 Len=102"
"44","13.630369","192.168.0.21","192.168.3.255","UDP","195","56059  >  5805 Len=153"
"45","13.631167","192.168.0.21","192.168.3.255","UDP","144","56059  >  5805 Len=102"
"46","13.631576","192.168.0.21","192.168.3.255","UDP","143","56059  >  5805 Len=101"
"47","13.632215","192.168.0.21","192.168.3.255","UDP","232","56059  >  5805 Len=190"
"48","13.632652","192.168.0.21","192.168.3.255","UDP","183","56059  >  5805 Len=141"
"49","13.633237","192.168.0.21","192.168.3.255","UDP","227","56059  >  5805 Len=185"
"55","15.135303","192.168.0.21","192.168.3.255","UDP","161","56059  >  5805 Len=119"
"56","15.137145","192.168.0.21","192.168.3.255","UDP","200","56059  >  5805 Len=158"
"57","15.138789","192.168.0.21","192.168.3.255","UDP","229","56059  >  5805 Len=187"
"58","16.640445","192.168.0.21","192.168.3.255","UDP","128","56059  >  5805 Len=86"
"59","16.641347","192.168.0.21","192.168.3.255","UDP","204","56059  >  5805 Len=162"
"60","16.642258","192.168.0.21","192.168.3.255","UDP","162","56059  >  5805 Len=120"
"70","21.142902","192.168.0.21","192.168.3.255","UDP","167","56059  >  5805 Len=125"
"71","21.143901","192.168.0.21","192.168.3.255","UDP","197","56059  >  5805 Len=155"
"72","21.144888","192.168.0.21","192.168.3.255","UDP","180","56059  >  5805 Len=138"
"73","22.646554","192.168.0.21","192.168.3.255","UDP","205","56059  >  5805 Len=163"
"74","22.647521","192.168.0.21","192.168.3.255","UDP","201","56059  >  5805 Len=159"
"75","22.649277","192.168.0.21","192.168.3.255","UDP","136","56059  >  5805 Len=94"
"76","22.650220","192.168.0.21","192.168.3.255","UDP","181","56059  >  5805 Len=139"
"77","22.651152","192.168.0.21","192.168.3.255","UDP","217","56059  >  5805 Len=175"
"78","22.652052","192.168.0.21","192.168.3.255","UDP","155","56059  >  5805 Len=113"
"79","22.652769","192.168.0.21","192.168.3.255","UDP","200","56059  >  5805 Len=158"
"80","22.653191","192.168.0.21","192.168.3.255","UDP","158","56059  >  5805 Len=116"
"81","22.654020","192.168.0.21","192.168.3.255","UDP","120","56059  >  5805 Len=78"
"85","27.157660","192.168.0.21","192.168.3.255","UDP","110","56059  >  5805 Len=68"
"86","27.158655","192.168.0.21","192.168.3.255","UDP","156","56059  >  5805 Len=114"
"87","27.159543","192.168.0.21","192.168.3.255","UDP","213","56059  >  5805 Len=171"
"88","27.160249","192.168.0.21","192.168.3.255","UDP","153","56059  >  5805 Len=111"
"89","27.160774","192.168.0.21","192.168.3.255","UDP","100","56059  >  5805 Len=58"
"90","27.161324","192.168.0.21","192.168.3.255","UDP","169","56059  >  5805 Len=127"
"91","27.161845","192.168.0.21","192.168.3.255","UDP","201","56059  >  5805 Len=159"
"92","27.162817","192.168.0.21","192.168.3.255","UDP","135","56059  >  5805 Len=93"
"93","27.163715","192.168.0.21","192.168.3.255","UDP","185","56059  >  5805 Len=143"
"96","28.664045","192.168.0.21","192.168.3.255","UDP","113","56059  >  5805 Len=71"
"97","28.665350","192.168.0.21","192.168.3.255","UDP","151","56059  >  5805 Len=109"
"98","28.667701","192.168.0.21","192.168.3.255","UDP","216","56059  >  5805 Len=174"
"99","28.669756","192.168.0.21","192.168.3.255","UDP","119","56059  >  5805 Len=77"
"100","28.670190","192.168.0.21","192.168.3.255","UDP","258","56059  >  5805 Len=216"
"101","28.670598","192.168.0.21","192.168.3.255","UDP","72","56059  >  5805 Len=30"
"102","28.671194","192.168.0.21","192.168.3.255","UDP","114","56059  >  5805 Len=72"
"103","28.671575","192.168.0.21","192.168.3.255","UDP","267","56059  >  5805 Len=225"
"104","28.671893","192.168.0.21","192.168.3.255","UDP","315","56059  >  5805 Len=273"
"106","30.172054","192.168.0.21","192.168.3.255","UDP","140","56059  >  5805 Len=98"
"107","30.173232","192.168.0.21","192.168.3.255","UDP","200","56059  >  5805 Len=158"
"108","30.174439","192.168.0.21","192.168.3.255","UDP","235","56059  >  5805 Len=193"
"115","34.676245","192.168.0.21","192.168.3.255","UDP","231","56059  >  5805 Len=189"
"116","34.677446","192.168.0.21","192.168.3.255","UDP","233","56059  >  5805 Len=191"
"117","34.678579","192.168.0.21","192.168.3.255","UDP","281","56059  >  5805 Len=239"
"118","34.679662","192.168.0.21","192.168.3.255","UDP","44","56059  >  5805 Len=2"
"119","34.680692","192.168.0.21","192.168.3.255","UDP","113","56059  >  5805 Len=71"
"120","34.682991","192.168.0.21","192.168.3.255","UDP","192","56059  >  5805 Len=150"
"121","34.683782","192.168.0.21","192.168.3.255","UDP","156","56059  >  5805 Len=114"
"122","34.684396","192.168.0.21","192.168.3.255","UDP","91","56059  >  5805 Len=49"
"123","34.684992","192.168.0.21","192.168.3.255","UDP","233","56059  >  5805 Len=191"
"128","36.185311","192.168.0.21","192.168.3.255","UDP","123","56059  >  5805 Len=81"
"129","36.186318","192.168.0.21","192.168.3.255","UDP","275","56059  >  5805 Len=233"
"130","36.187431","192.168.0.21","192.168.3.255","UDP","197","56059  >  5805 Len=155"
"131","36.188503","192.168.0.21","192.168.3.255","UDP","190","56059  >  5805 Len=148"
"132","36.189764","192.168.0.21","192.168.3.255","UDP","118","56059  >  5805 Len=76"
"133","36.190350","192.168.0.21","192.168.3.255","UDP","152","56059  >  5805 Len=110"
"134","36.190589","192.168.0.21","192.168.3.255","UDP","135","56059  >  5805 Len=93"
"135","36.190918","192.168.0.21","192.168.3.255","UDP","170","56059  >  5805 Len=128"
"136","36.191824","192.168.0.21","192.168.3.255","UDP","126","56059  >  5805 Len=84"
"142","37.692943","192.168.0.21","192.168.3.255","UDP","91","56059  >  5805 Len=49"
"143","37.694023","192.168.0.21","192.168.3.255","UDP","154","56059  >  5805 Len=112"
"144","37.695107","192.168.0.21","192.168.3.255","UDP","448","56059  >  5805 Len=406"
"145","37.696496","192.168.0.21","192.168.3.255","UDP","110","56059  >  5805 Len=68"
"146","37.697606","192.168.0.21","192.168.3.255","UDP","125","56059  >  5805 Len=83"
"147","37.698314","192.168.0.21","192.168.3.255","UDP","101","56059  >  5805 Len=59"
"148","37.699226","192.168.0.21","192.168.3.255","UDP","48","56059  >  5805 Len=6"
"149","37.699697","192.168.0.21","192.168.3.255","UDP","121","56059  >  5805 Len=79"
"150","37.700207","192.168.0.21","192.168.3.255","UDP","116","56059  >  5805 Len=74"
"153","39.200857","192.168.0.21","192.168.3.255","UDP","135","56059  >  5805 Len=93"
"154","39.202126","192.168.0.21","192.168.3.255","ADwin Config","94",""
"155","39.203409","192.168.0.21","192.168.3.255","UDP","44","56059  >  5805 Len=2"
"157","40.705888","192.168.0.21","192.168.3.255","UDP","53","56059  >  5805 Len=11"
"158","40.706954","192.168.0.21","192.168.3.255","UDP","337","56059  >  5805 Len=295"
"159","40.707925","192.168.0.21","192.168.3.255","UDP","143","56059  >  5805 Len=101"
"160","42.209384","192.168.0.21","192.168.3.255","UDP","204","56059  >  5805 Len=162"
"161","42.210617","192.168.0.21","192.168.3.255","UDP","171","56059  >  5805 Len=129"
"162","42.211872","192.168.0.21","192.168.3.255","UDP","177","56059  >  5805 Len=135"
"175","46.714008","192.168.0.21","192.168.3.255","UDP","191","56059  >  5805 Len=149"
"176","46.716040","192.168.0.21","192.168.3.255","UDP","174","56059  >  5805 Len=132"
"177","46.718122","192.168.0.21","192.168.3.255","UDP","159","56059  >  5805 Len=117"
"178","46.718803","192.168.0.21","192.168.3.255","UDP","222","56059  >  5805 Len=180"
"179","46.719173","192.168.0.21","192.168.3.255","UDP","167","56059  >  5805 Len=125"
"180","46.719658","192.168.0.21","192.168.3.255","UDP","252","56059  >  5805 Len=210"
"181","46.719985","192.168.0.21","192.168.3.255","UDP","189","56059  >  5805 Len=147"
"182","46.720446","192.168.0.21","192.168.3.255","UDP","117","56059  >  5805 Len=75"
"183","46.720810","192.168.0.21","192.168.3.255","UDP","117","56059  >  5805 Len=75"
"185","48.221647","192.168.0.21","192.168.3.255","UDP","246","56059  >  5805 Len=204"
"186","48.222873","192.168.0.21","192.168.3.255","UDP","109","56059  >  5805 Len=67"
"187","48.224291","192.168.0.21","192.168.3.255","UDP","188","56059  >  5805 Len=146"
"190","49.726009","192.168.0.21","192.168.3.255","UDP","228","56059  >  5805 Len=186"
"191","49.727253","192.168.0.21","192.168.3.255","UDP","141","56059  >  5805 Len=99"
"192","49.728505","192.168.0.21","192.168.3.255","UDP","141","56059  >  5805 Len=99"
"193","51.230475","192.168.0.21","192.168.3.255","UDP","52","56059  >  5805 Len=10"
"194","51.231568","192.168.0.21","192.168.3.255","UDP","44","56059  >  5805 Len=2"
"195","51.232767","192.168.0.21","192.168.3.255","UDP","215","56059  >  5805 Len=173"
"214","55.734532","192.168.0.21","192.168.3.255","UDP","132","56059  >  5805 Len=90"
"215","55.735779","192.168.0.21","192.168.3.255","UDP","205","56059  >  5805 Len=163"
"216","55.736845","192.168.0.21","192.168.3.255","UDP","182","56059  >  5805 Len=140"
"218","57.238571","192.168.0.21","192.168.3.255","UDP","131","56059  >  5805 Len=89"
"219","57.239693","192.168.0.21","192.168.3.255","UDP","199","56059  >  5805 Len=157"
"220","57.240765","192.168.0.21","192.168.3.255","UDP","188","56059  >  5805 Len=146"
"222","58.742689","192.168.0.21","192.168.3.255","UDP","169","56059  >  5805 Len=127"
"223","58.743883","192.168.0.21","192.168.3.255","UDP","133","56059  >  5805 Len=91"
"224","58.745288","192.168.0.21","192.168.3.255","UDP","282","56059  >  5805 Len=240"
"225","60.250365","192.168.0.21","192.168.3.255","UDP","130","56059  >  5805 Len=88"
"226","60.251261","192.168.0.21","192.168.3.255","UDP","253","56059  >  5805 Len=211"
"227","60.252362","192.168.0.21","192.168.3.255","UDP","175","56059  >  5805 Len=133"
"228","60.253428","192.168.0.21","192.168.3.255","UDP","130","56059  >  5805 Len=88"
"229","60.254399","192.168.0.21","192.168.3.255","UDP","44","56059  >  5805 Len=2"
"230","60.255131","192.168.0.21","192.168.3.255","UDP","122","56059  >  5805 Len=80"
"231","60.255820","192.168.0.21","192.168.3.255","UDP","163","56059  >  5805 Len=121"
"232","60.256376","192.168.0.21","192.168.3.255","UDP","190","56059  >  5805 Len=148"
"233","60.257649","192.168.0.21","192.168.3.255","UDP","145","56059  >  5805 Len=103"
"236","61.758742","192.168.0.21","192.168.3.255","UDP","162","56059  >  5805 Len=120"
"237","61.759825","192.168.0.21","192.168.3.255","UDP","125","56059  >  5805 Len=83"
"238","61.760886","192.168.0.21","192.168.3.255","UDP","182","56059  >  5805 Len=140"
"239","61.762273","192.168.0.21","192.168.3.255","UDP","89","56059  >  5805 Len=47"
"240","61.762871","192.168.0.21","192.168.3.255","UDP","156","56059  >  5805 Len=114"
"241","61.763524","192.168.0.21","192.168.3.255","UDP","251","56059  >  5805 Len=209"
"242","61.764059","192.168.0.21","192.168.3.255","UDP","127","56059  >  5805 Len=85"
"243","61.764900","192.168.0.21","192.168.3.255","UDP","290","56059  >  5805 Len=248"
"244","61.765298","192.168.0.21","192.168.3.255","UDP","273","56059  >  5805 Len=231"
"248","66.266582","192.168.0.21","192.168.3.255","UDP","132","56059  >  5805 Len=90"
"249","66.267569","192.168.0.21","192.168.3.255","UDP","190","56059  >  5805 Len=148"
"250","66.269127","192.168.0.21","192.168.3.255","UDP","114","56059  >  5805 Len=72"
"253","67.769991","192.168.0.21","192.168.3.255","UDP","171","56059  >  5805 Len=129"
"254","67.771139","192.168.0.21","192.168.3.255","UDP","122","56059  >  5805 Len=80"
"255","67.772358","192.168.0.21","192.168.3.255","UDP","129","56059  >  5805 Len=87"
"257","69.274275","192.168.0.21","192.168.3.255","UDP","164","56059  >  5805 Len=122"
"258","69.275300","192.168.0.21","192.168.3.255","UDP","207","56059  >  5805 Len=165"
"259","69.278128","192.168.0.21","192.168.3.255","UDP","210","56059  >  5805 Len=168"
"261","70.779394","192.168.0.21","192.168.3.255","UDP","232","56059  >  5805 Len=190"
"262","70.780322","192.168.0.21","192.168.3.255","UDP","78","56059  >  5805 Len=36"
"263","70.781365","192.168.0.21","192.168.3.255","UDP","44","56059  >  5805 Len=2"
"264","70.782724","192.168.0.21","192.168.3.255","UDP","112","56059  >  5805 Len=70"
"265","70.784064","192.168.0.21","192.168.3.255","UDP","130","56059  >  5805 Len=88"
"266","70.784734","192.168.0.21","192.168.3.255","UDP","171","56059  >  5805 Len=129"
"267","70.785153","192.168.0.21","192.168.3.255","UDP","157","56059  >  5805 Len=115"
"268","70.785619","192.168.0.21","192.168.3.255","UDP","160","56059  >  5805 Len=118"
"269","70.786038","192.168.0.21","192.168.3.255","UDP","155","56059  >  5805 Len=113"
"270","72.288004","192.168.0.21","192.168.3.255","UDP","203","56059  >  5805 Len=161"
"271","72.289154","192.168.0.21","192.168.3.255","UDP","158","56059  >  5805 Len=116"
"272","72.290357","192.168.0.21","192.168.3.255","UDP","207","56059  >  5805 Len=165"
"273","72.291595","192.168.0.21","192.168.3.255","UDP","153","56059  >  5805 Len=111"
"274","72.292494","192.168.0.21","192.168.3.255","UDP","188","56059  >  5805 Len=146"
"275","72.293926","192.168.0.21","192.168.3.255","UDP","145","56059  >  5805 Len=103"
"276","72.294529","192.168.0.21","192.168.3.255","UDP","130","56059  >  5805 Len=88"
"277","72.295445","192.168.0.21","192.168.3.255","UDP","151","56059  >  5805 Len=109"
"278","72.295961","192.168.0.21","192.168.3.255","UDP","168","56059  >  5805 Len=126"
"281","76.796888","192.168.0.21","192.168.3.255","UDP","81","56059  >  5805 Len=39"
"282","76.797577","192.168.0.21","192.168.3.255","UDP","121","56059  >  5805 Len=79"
"283","76.798121","192.168.0.21","192.168.3.255","UDP","44","56059  >  5805 Len=2"
"284","78.298455","192.168.0.21","192.168.3.255","UDP","118","56059  >  5805 Len=76"
"285","78.299480","192.168.0.21","192.168.3.255","UDP","43","56059  >  5805 Len=1"
"286","78.300668","192.168.0.21","192.168.3.255","UDP","272","56059  >  5805 Len=230"
"287","78.301590","192.168.0.21","192.168.3.255","UDP","200","56059  >  5805 Len=158"
"288","78.302193","192.168.0.21","192.168.3.255","UDP","132","56059  >  5805 Len=90"
"289","78.302709","192.168.0.21","192.168.3.255","UDP","711","56059  >  5805 Len=669"
"290","78.303089","192.168.0.21","192.168.3.255","UDP","44","56059  >  5805 Len=2"
"291","78.304295","192.168.0.21","192.168.3.255","UDP","151","56059  >  5805 Len=109"
"292","78.304725","192.168.0.21","192.168.3.255","UDP","141","56059  >  5805 Len=99"
"293","79.805831","192.168.0.21","192.168.3.255","UDP","104","56059  >  5805 Len=62"
"294","79.806707","192.168.0.21","192.168.3.255","UDP","92","56059  >  5805 Len=50"
"295","79.808005","192.168.0.21","192.168.3.255","UDP","158","56059  >  5805 Len=116"
"296","79.809194","192.168.0.21","192.168.3.255","UDP","579","56059  >  5805 Len=537"
"297","79.810359","192.168.0.21","192.168.3.255","UDP","279","56059  >  5805 Len=237"
"298","79.811205","192.168.0.21","192.168.3.255","UDP","195","56059  >  5805 Len=153"
"299","79.812000","192.168.0.21","192.168.3.255","UDP","145","56059  >  5805 Len=103"
"300","79.812631","192.168.0.21","192.168.3.255","UDP","127","56059  >  5805 Len=85"
"301","79.813066","192.168.0.21","192.168.3.255","UDP","114","56059  >  5805 Len=72"
"302","81.312850","192.168.0.21","192.168.3.255","UDP","200","56059  >  5805 Len=158"
"303","81.314010","192.168.0.21","192.168.3.255","UDP","208","56059  >  5805 Len=166"
"304","81.315382","192.168.0.21","192.168.3.255","UDP","105","56059  >  5805 Len=63"
"314","85.818364","192.168.0.21","192.168.3.255","UDP","365","56059  >  5805 Len=323"
"315","85.819358","192.168.0.21","192.168.3.255","UDP","334","56059  >  5805 Len=292"
"316","85.822719","192.168.0.21","192.168.3.255","UDP","276","56059  >  5805 Len=234"
"317","85.826739","192.168.0.21","192.168.3.255","UDP","213","56059  >  5805 Len=171"
"318","85.833114","192.168.0.21","192.168.3.255","UDP","126","56059  >  5805 Len=84"
"319","85.834473","192.168.0.21","192.168.3.255","UDP","127","56059  >  5805 Len=85"
"320","85.836484","192.168.0.21","192.168.3.255","UDP","166","56059  >  5805 Len=124"
"321","85.837141","192.168.0.21","192.168.3.255","UDP","108","56059  >  5805 Len=66"
"322","85.837812","192.168.0.21","192.168.3.255","UDP","90","56059  >  5805 Len=48"
"324","87.339628","192.168.0.21","192.168.3.255","UDP","163","56059  >  5805 Len=121"
"325","87.341003","192.168.0.21","192.168.3.255","UDP","140","56059  >  5805 Len=98"
"326","87.343275","192.168.0.21","192.168.3.255","UDP","132","56059  >  5805 Len=90"
"328","88.844400","192.168.0.21","192.168.3.255","UDP","168","56059  >  5805 Len=126"
"329","88.845623","192.168.0.21","192.168.3.255","UDP","223","56059  >  5805 Len=181"
"330","88.846778","192.168.0.21","192.168.3.255","UDP","91","56059  >  5805 Len=49"
"331","90.348742","192.168.0.21","192.168.3.255","UDP","99","56059  >  5805 Len=57"
"332","90.349673","192.168.0.21","192.168.3.255","UDP","99","56059  >  5805 Len=57"
"333","90.350527","192.168.0.21","192.168.3.255","UDP","217","56059  >  5805 Len=175"
"338","91.851756","192.168.0.21","192.168.3.255","ADwin Config","138",""
"339","91.852616","192.168.0.21","192.168.3.255","UDP","202","56059  >  5805 Len=160"
"340","91.853518","192.168.0.21","192.168.3.255","UDP","140","56059  >  5805 Len=98"
"345","93.354083","192.168.0.21","192.168.3.255","UDP","261","56059  >  5805 Len=219"
"346","93.355039","192.168.0.21","192.168.3.255","UDP","235","56059  >  5805 Len=193"
"347","93.359016","192.168.0.21","192.168.3.255","UDP","101","56059  >  5805 Len=59"
"348","93.359480","192.168.0.21","192.168.3.255","UDP","195","56059  >  5805 Len=153"
"349","93.359977","192.168.0.21","192.168.3.255","UDP","174","56059  >  5805 Len=132"
"350","93.360504","192.168.0.21","192.168.3.255","UDP","238","56059  >  5805 Len=196"
"351","93.361037","192.168.0.21","192.168.3.255","UDP","243","56059  >  5805 Len=201"
"352","93.361622","192.168.0.21","192.168.3.255","UDP","154","56059  >  5805 Len=112"
"353","93.362135","192.168.0.21","192.168.3.255","UDP","198","56059  >  5805 Len=156"
"361","97.864662","192.168.0.21","192.168.3.255","UDP","274","56059  >  5805 Len=232"
"362","97.865750","192.168.0.21","192.168.3.255","UDP","342","56059  >  5805 Len=300"
"363","97.866694","192.168.0.21","192.168.3.255","UDP","221","56059  >  5805 Len=179"
"364","97.867705","192.168.0.21","192.168.3.255","UDP","106","56059  >  5805 Len=64"
"365","97.868921","192.168.0.21","192.168.3.255","UDP","97","56059  >  5805 Len=55"
"366","97.870689","192.168.0.21","192.168.3.255","UDP","225","56059  >  5805 Len=183"
"367","97.871055","192.168.0.21","192.168.3.255","UDP","177","56059  >  5805 Len=135"
"368","97.871535","192.168.0.21","192.168.3.255","UDP","186","56059  >  5805 Len=144"
"369","97.871926","192.168.0.21","192.168.3.255","UDP","325","56059  >  5805 Len=283"
"371","99.373902","192.168.0.21","192.168.3.255","UDP","223","56059  >  5805 Len=181"
"372","99.374695","192.168.0.21","192.168.3.255","UDP","221","56059  >  5805 Len=179"
"373","99.375456","192.168.0.21","192.168.3.255","UDP","201","56059  >  5805 Len=159"
"378","100.876554","192.168.0.21","192.168.3.255","UDP","233","56059  >  5805 Len=191"
"379","100.877768","192.168.0.21","192.168.3.255","UDP","297","56059  >  5805 Len=255"
"380","100.878962","192.168.0.21","192.168.3.255","UDP","196","56059  >  5805 Len=154"
"382","102.380560","192.168.0.21","192.168.3.255","UDP","115","56059  >  5805 Len=73"
"383","102.381698","192.168.0.21","192.168.3.255","UDP","187","56059  >  5805 Len=145"
"384","102.382748","192.168.0.21","192.168.3.255","UDP","227","56059  >  5805 Len=185"
"392","106.884317","192.168.0.21","192.168.3.255","UDP","207","56059  >  5805 Len=165"
"393","106.885548","192.168.0.21","192.168.3.255","UDP","101","56059  >  5805 Len=59"
"394","106.886492","192.168.0.21","192.168.3.255","UDP","308","56059  >  5805 Len=266"
"395","108.387793","192.168.0.21","192.168.3.255","UDP","87","56059  >  5805 Len=45"
"396","108.388914","192.168.0.21","192.168.3.255","UDP","97","56059  >  5805 Len=55"
"397","108.390307","192.168.0.21","192.168.3.255","UDP","210","56059  >  5805 Len=168"
"398","108.392402","192.168.0.21","192.168.3.255","UDP","105","56059  >  5805 Len=63"
"399","108.393076","192.168.0.21","192.168.3.255","UDP","225","56059  >  5805 Len=183"
"400","108.393674","192.168.0.21","192.168.3.255","UDP","206","56059  >  5805 Len=164"
"401","108.394428","192.168.0.21","192.168.3.255","UDP","324","56059  >  5805 Len=282"
"402","108.394946","192.168.0.21","192.168.3.255","UDP","116","56059  >  5805 Len=74"
"403","108.395286","192.168.0.21","192.168.3.255","UDP","105","56059  >  5805 Len=63"
"407","109.895851","192.168.0.21","192.168.3.255","UDP","189","56059  >  5805 Len=147"
"408","109.897169","192.168.0.21","192.168.3.255","UDP","231","56059  >  5805 Len=189"
"409","109.900947","192.168.0.21","192.168.3.255","UDP","233","56059  >  5805 Len=191"
"411","111.402199","192.168.0.21","192.168.3.255","UDP","195","56059  >  5805 Len=153"
"412","111.404021","192.168.0.21","192.168.3.255","UDP","339","56059  >  5805 Len=297"
"413","111.405832","192.168.0.21","192.168.3.255","UDP","189","56059  >  5805 Len=147"
"426","115.907545","192.168.0.21","192.168.3.255","UDP","83","56059  >  5805 Len=41"
"427","115.908563","192.168.0.21","192.168.3.255","UDP","259","56059  >  5805 Len=217"
"428","115.909768","192.168.0.21","192.168.3.255","UDP","305","56059  >  5805 Len=263"
"429","115.911137","192.168.0.21","192.168.3.255","UDP","198","56059  >  5805 Len=156"
"430","115.911809","192.168.0.21","192.168.3.255","UDP","168","56059  >  5805 Len=126"
"431","115.912536","192.168.0.21","192.168.3.255","UDP","153","56059  >  5805 Len=111"
"432","115.912998","192.168.0.21","192.168.3.255","UDP","251","56059  >  5805 Len=209"
"433","115.913646","192.168.0.21","192.168.3.255","UDP","381","56059  >  5805 Len=339"
"434","115.914321","192.168.0.21","192.168.3.255","UDP","164","56059  >  5805 Len=122"
"437","117.414254","192.168.0.21","192.168.3.255","UDP","215","56059  >  5805 Len=173"
"438","117.415209","192.168.0.21","192.168.3.255","UDP","214","56059  >  5805 Len=172"
"439","117.416413","192.168.0.21","192.168.3.255","UDP","157","56059  >  5805 Len=115"
"440","117.417665","192.168.0.21","192.168.3.255","UDP","164","56059  >  5805 Len=122"
"441","117.422373","192.168.0.21","192.168.3.255","UDP","150","56059  >  5805 Len=108"
"442","117.424259","192.168.0.21","192.168.3.255","UDP","123","56059  >  5805 Len=81"
"443","117.424688","192.168.0.21","192.168.3.255","UDP","44","56059  >  5805 Len=2"
"444","117.426148","192.168.0.21","192.168.3.255","UDP","166","56059  >  5805 Len=124"
"445","117.426536","192.168.0.21","192.168.3.255","UDP","117","56059  >  5805 Len=75"
"448","118.928494","192.168.0.21","192.168.3.255","UDP","235","56059  >  5805 Len=193"
"449","118.930169","192.168.0.21","192.168.3.255","UDP","136","56059  >  5805 Len=94"
"450","118.931394","192.168.0.21","192.168.3.255","UDP","185","56059  >  5805 Len=143"
"451","118.932482","192.168.0.21","192.168.3.255","UDP","238","56059  >  5805 Len=196"
"452","118.933593","192.168.0.21","192.168.3.255","UDP","127","56059  >  5805 Len=85"
"453","118.934204","192.168.0.21","192.168.3.255","UDP","114","56059  >  5805 Len=72"
"454","118.935189","192.168.0.21","192.168.3.255","UDP","281","56059  >  5805 Len=239"
"455","118.935651","192.168.0.21","192.168.3.255","UDP","312","56059  >  5805 Len=270"
"456","118.936347","192.168.0.21","192.168.3.255","UDP","45","56059  >  5805 Len=3"
"457","120.436854","192.168.0.21","192.168.3.255","UDP","235","56059  >  5805 Len=193"
"458","120.437836","192.168.0.21","192.168.3.255","UDP","53","56059  >  5805 Len=11"
"459","120.439072","192.168.0.21","192.168.3.255","UDP","44","56059  >  5805 Len=2"
"460","120.440400","192.168.0.21","192.168.3.255","UDP","155","56059  >  5805 Len=113"
"461","120.440841","192.168.0.21","192.168.3.255","ADwin Config","94",""
"462","120.441311","192.168.0.21","192.168.3.255","UDP","120","56059  >  5805 Len=78"
"463","120.441776","192.168.0.21","192.168.3.255","UDP","110","56059  >  5805 Len=68"
"464","120.442230","192.168.0.21","192.168.3.255","UDP","119","56059  >  5805 Len=77"
"465","120.442669","192.168.0.21","192.168.3.255","UDP","62","56059  >  5805 Len=20"
"466","121.943343","192.168.0.21","192.168.3.255","UDP","237","56059  >  5805 Len=195"
"467","121.944296","192.168.0.21","192.168.3.255","UDP","68","56059  >  5805 Len=26"
"468","121.945760","192.168.0.21","192.168.3.255","UDP","45","56059  >  5805 Len=3"
"469","121.948564","192.168.0.21","192.168.3.255","UDP","79","56059  >  5805 Len=37"
"470","121.949060","192.168.0.21","192.168.3.255","UDP","352","56059  >  5805 Len=310"
"471","121.949799","192.168.0.21","192.168.3.255","UDP","181","56059  >  5805 Len=139"
"472","121.950235","192.168.0.21","192.168.3.255","UDP","193","56059  >  5805 Len=151"
"473","121.950734","192.168.0.21","192.168.3.255","UDP","103","56059  >  5805 Len=61"
"474","121.951145","192.168.0.21","192.168.3.255","UDP","118","56059  >  5805 Len=76"
"485","126.451911","192.168.0.21","192.168.3.255","UDP","181","56059  >  5805 Len=139"
"486","126.452911","192.168.0.21","192.168.3.255","UDP","119","56059  >  5805 Len=77"
"487","126.454338","192.168.0.21","192.168.3.255","UDP","228","56059  >  5805 Len=186"
"488","126.455582","192.168.0.21","192.168.3.255","UDP","135","56059  >  5805 Len=93"
"489","126.456597","192.168.0.21","192.168.3.255","UDP","195","56059  >  5805 Len=153"
"490","126.457277","192.168.0.21","192.168.3.255","UDP","120","56059  >  5805 Len=78"
"491","126.457919","192.168.0.21","192.168.3.255","UDP","132","56059  >  5805 Len=90"
"492","126.458218","192.168.0.21","192.168.3.255","UDP","179","56059  >  5805 Len=137"
"493","126.458711","192.168.0.21","192.168.3.255","UDP","173","56059  >  5805 Len=131"
"495","127.959409","192.168.0.21","192.168.3.255","UDP","158","56059  >  5805 Len=116"
"496","127.960688","192.168.0.21","192.168.3.255","UDP","222","56059  >  5805 Len=180"
"497","127.961764","192.168.0.21","192.168.3.255","UDP","164","56059  >  5805 Len=122"
"498","127.962922","192.168.0.21","192.168.3.255","UDP","121","56059  >  5805 Len=79"
"499","127.965212","192.168.0.21","192.168.3.255","UDP","45","56059  >  5805 Len=3"
"500","127.966469","192.168.0.21","192.168.3.255","UDP","144","56059  >  5805 Len=102"
"501","127.967053","192.168.0.21","192.168.3.255","UDP","195","56059  >  5805 Len=153"
"502","127.967662","192.168.0.21","192.168.3.255","UDP","144","56059  >  5805 Len=102"
"503","127.968307","192.168.0.21","192.168.3.255","UDP","143","56059  >  5805 Len=101"
"505","129.470935","192.168.0.21","192.168.3.255","UDP","232","56059  >  5805 Len=190"
"506","129.472232","192.168.0.21","192.168.3.255","UDP","183","56059  >  5805 Len=141"
"507","129.473455","192.168.0.21","192.168.3.255","UDP","227","56059  >  5805 Len=185"
"508","129.474511","192.168.0.21","192.168.3.255","UDP","161","56059  >  5805 Len=119"
"509","129.476686","192.168.0.21","192.168.3.255","UDP","200","56059  >  5805 Len=158"
"510","129.477162","192.168.0.21","192.168.3.255","UDP","229","56059  >  5805 Len=187"
"511","129.477529","192.168.0.21","192.168.3.255","UDP","128","56059  >  5805 Len=86"
"512","129.477907","192.168.0.21","192.168.3.255","UDP","204","56059  >  5805 Len=162"
"513","129.478359","192.168.0.21","192.168.3.255","UDP","162","56059  >  5805 Len=120"
"518","130.978726","192.168.0.21","192.168.3.255","UDP","167","56059  >  5805 Len=125"
"519","130.979953","192.168.0.21","192.168.3.255","UDP","197","56059  >  5805 Len=155"
"520","130.984119","192.168.0.21","192.168.3.255","UDP","180","56059  >  5805 Len=138"
"521","130.985193","192.168.0.21","192.168.3.255","UDP","205","56059  >  5805 Len=163"
"522","130.985945","192.168.0.21","192.168.3.255","UDP","201","56059  >  5805 Len=159"
"523","130.986632","192.168.0.21","192.168.3.255","UDP","136","56059  >  5805 Len=94"
"524","130.987364","192.168.0.21","192.168.3.255","UDP","181","56059  >  5805 Len=139"
"525","130.988993","192.168.0.21","192.168.3.255","UDP","217","56059  >  5805 Len=175"
"526","130.989742","192.168.0.21","192.168.3.255","UDP","155","56059  >  5805 Len=113"
"531","132.492326","192.168.0.21","192.168.3.255","UDP","200","56059  >  5805 Len=158"
"532","132.493477","192.168.0.21","192.168.3.255","UDP","158","56059  >  5805 Len=116"
"533","132.495016","192.168.0.21","192.168.3.255","UDP","120","56059  >  5805 Len=78"
"534","132.497967","192.168.0.21","192.168.3.255","UDP","110","56059  >  5805 Len=68"
"535","132.498399","192.168.0.21","192.168.3.255","UDP","156","56059  >  5805 Len=114"
"536","132.498824","192.168.0.21","192.168.3.255","UDP","213","56059  >  5805 Len=171"
"537","132.499409","192.168.0.21","192.168.3.255","UDP","153","56059  >  5805 Len=111"
"538","132.499910","192.168.0.21","192.168.3.255","UDP","100","56059  >  5805 Len=58"
"539","132.500257","192.168.0.21","192.168.3.255","UDP","169","56059  >  5805 Len=127"
"544","137.001886","192.168.0.21","192.168.3.255","UDP","201","56059  >  5805 Len=159"
"545","137.003006","192.168.0.21","192.168.3.255","UDP","135","56059  >  5805 Len=93"
"546","137.004100","192.168.0.21","192.168.3.255","UDP","185","56059  >  5805 Len=143"
"547","138.505643","192.168.0.21","192.168.3.255","UDP","113","56059  >  5805 Len=71"
"548","138.506939","192.168.0.21","192.168.3.255","UDP","151","56059  >  5805 Len=109"
"549","138.510294","192.168.0.21","192.168.3.255","UDP","216","56059  >  5805 Len=174"
"550","138.511027","192.168.0.21","192.168.3.255","UDP","119","56059  >  5805 Len=77"
"551","138.511520","192.168.0.21","192.168.3.255","UDP","258","56059  >  5805 Len=216"
"552","138.512096","192.168.0.21","192.168.3.255","UDP","72","56059  >  5805 Len=30"
"553","138.512488","192.168.0.21","192.168.3.255","UDP","114","56059  >  5805 Len=72"
"554","138.513030","192.168.0.21","192.168.3.255","UDP","267","56059  >  5805 Len=225"
"555","138.513395","192.168.0.21","192.168.3.255","UDP","315","56059  >  5805 Len=273"
"557","140.014425","192.168.0.21","192.168.3.255","UDP","140","56059  >  5805 Len=98"
"558","140.015384","192.168.0.21","192.168.3.255","UDP","200","56059  >  5805 Len=158"
"559","140.016520","192.168.0.21","192.168.3.255","UDP","235","56059  >  5805 Len=193"
"560","140.017632","192.168.0.21","192.168.3.255","UDP","231","56059  >  5805 Len=189"
"561","140.018703","192.168.0.21","192.168.3.255","UDP","233","56059  >  5805 Len=191"
"562","140.019511","192.168.0.21","192.168.3.255","UDP","281","56059  >  5805 Len=239"
"563","140.019941","192.168.0.21","192.168.3.255","UDP","44","56059  >  5805 Len=2"
"564","140.020391","192.168.0.21","192.168.3.255","UDP","113","56059  >  5805 Len=71"
"565","140.020792","192.168.0.21","192.168.3.255","UDP","192","56059  >  5805 Len=150"
"566","141.520768","192.168.0.21","192.168.3.255","UDP","156","56059  >  5805 Len=114"
"567","141.521729","192.168.0.21","192.168.3.255","UDP","91","56059  >  5805 Len=49"
"568","141.523081","192.168.0.21","192.168.3.255","UDP","233","56059  >  5805 Len=191"
"571","146.026121","192.168.0.21","192.168.3.255","UDP","123","56059  >  5805 Len=81"
"572","146.027435","192.168.0.21","192.168.3.255","UDP","275","56059  >  5805 Len=233"
"573","146.028045","192.168.0.21","192.168.3.255","UDP","197","56059  >  5805 Len=155"
"574","146.028815","192.168.0.21","192.168.3.255","UDP","190","56059  >  5805 Len=148"
"575","146.029513","192.168.0.21","192.168.3.255","UDP","118","56059  >  5805 Len=76"
"576","146.029912","192.168.0.21","192.168.3.255","UDP","152","56059  >  5805 Len=110"
"577","146.030471","192.168.0.21","192.168.3.255","UDP","135","56059  >  5805 Len=93"
"578","146.031092","192.168.0.21","192.168.3.255","UDP","170","56059  >  5805 Len=128"
"579","146.031612","192.168.0.21","192.168.3.255","UDP","126","56059  >  5805 Len=84"
"580","147.532164","192.168.0.21","192.168.3.255","UDP","91","56059  >  5805 Len=49"
"581","147.533397","192.168.0.21","192.168.3.255","UDP","154","56059  >  5805 Len=112"
"582","147.534215","192.168.0.21","192.168.3.255","UDP","448","56059  >  5805 Len=406"
"584","149.036232","192.168.0.21","192.168.3.255","UDP","110","56059  >  5805 Len=68"
"585","149.037359","192.168.0.21","192.168.3.255","UDP","125","56059  >  5805 Len=83"
"586","149.038565","192.168.0.21","192.168.3.255","UDP","101","56059  >  5805 Len=59"
"587","150.540548","192.168.0.21","192.168.3.255","UDP","48","56059  >  5805 Len=6"
"588","150.541481","192.168.0.21","192.168.3.255","UDP","121","56059  >  5805 Len=79"
"589","150.542191","192.168.0.21","192.168.3.255","UDP","116","56059  >  5805 Len=74"
"590","152.042683","192.168.0.21","192.168.3.255","UDP","135","56059  >  5805 Len=93"
"591","152.043655","192.168.0.21","192.168.3.255","ADwin Config","94",""
"592","152.044721","192.168.0.21","192.168.3.255","UDP","44","56059  >  5805 Len=2"
"595","153.546391","192.168.0.21","192.168.3.255","UDP","53","56059  >  5805 Len=11"
"596","153.547628","192.168.0.21","192.168.3.255","UDP","337","56059  >  5805 Len=295"
"597","153.548702","192.168.0.21","192.168.3.255","UDP","143","56059  >  5805 Len=101"
"598","153.549744","192.168.0.21","192.168.3.255","UDP","204","56059  >  5805 Len=162"
"599","153.550551","192.168.0.21","192.168.3.255","UDP","171","56059  >  5805 Len=129"
"600","153.551109","192.168.0.21","192.168.3.255","UDP","177","56059  >  5805 Len=135"
"601","153.551688","192.168.0.21","192.168.3.255","UDP","191","56059  >  5805 Len=149"
"602","153.552179","192.168.0.21","192.168.3.255","UDP","174","56059  >  5805 Len=132"
"603","153.552702","192.168.0.21","192.168.3.255","UDP","159","56059  >  5805 Len=117"
"611","158.054830","192.168.0.21","192.168.3.255","UDP","222","56059  >  5805 Len=180"
"612","158.055937","192.168.0.21","192.168.3.255","UDP","167","56059  >  5805 Len=125"
"613","158.057878","192.168.0.21","192.168.3.255","UDP","252","56059  >  5805 Len=210"
"614","158.058690","192.168.0.21","192.168.3.255","UDP","189","56059  >  5805 Len=147"
"615","158.059267","192.168.0.21","192.168.3.255","UDP","117","56059  >  5805 Len=75"
"616","158.059957","192.168.0.21","192.168.3.255","UDP","117","56059  >  5805 Len=75"
"617","158.060729","192.168.0.21","192.168.3.255","UDP","246","56059  >  5805 Len=204"
"618","158.061240","192.168.0.21","192.168.3.255","UDP","109","56059  >  5805 Len=67"
"619","158.061829","192.168.0.21","192.168.3.255","UDP","188","56059  >  5805 Len=146"
"623","159.563064","192.168.0.21","192.168.3.255","UDP","228","56059  >  5805 Len=186"
"624","159.564132","192.168.0.21","192.168.3.255","UDP","141","56059  >  5805 Len=99"
"625","159.565340","192.168.0.21","192.168.3.255","UDP","141","56059  >  5805 Len=99"
"626","159.566410","192.168.0.21","192.168.3.255","UDP","52","56059  >  5805 Len=10"
"627","159.567383","192.168.0.21","192.168.3.255","UDP","44","56059  >  5805 Len=2"
"628","159.568355","192.168.0.21","192.168.3.255","UDP","215","56059  >  5805 Len=173"
"629","159.568796","192.168.0.21","192.168.3.255","UDP","132","56059  >  5805 Len=90"
"630","159.569289","192.168.0.21","192.168.3.255","UDP","205","56059  >  5805 Len=163"
"631","159.569558","192.168.0.21","192.168.3.255","UDP","182","56059  >  5805 Len=140"
"646","164.070085","192.168.0.21","192.168.3.255","UDP","131","56059  >  5805 Len=89"
"647","164.071253","192.168.0.21","192.168.3.255","UDP","199","56059  >  5805 Len=157"
"648","164.072176","192.168.0.21","192.168.3.255","UDP","188","56059  >  5805 Len=146"
"649","164.073103","192.168.0.21","192.168.3.255","UDP","169","56059  >  5805 Len=127"
"650","164.073925","192.168.0.21","192.168.3.255","UDP","133","56059  >  5805 Len=91"
"651","164.074590","192.168.0.21","192.168.3.255","UDP","282","56059  >  5805 Len=240"
"652","164.075112","192.168.0.21","192.168.3.255","UDP","130","56059  >  5805 Len=88"
"653","164.075589","192.168.0.21","192.168.3.255","UDP","253","56059  >  5805 Len=211"
"654","164.076832","192.168.0.21","192.168.3.255","UDP","175","56059  >  5805 Len=133"
"659","165.578385","192.168.0.21","192.168.3.255","UDP","130","56059  >  5805 Len=88"
"660","165.579435","192.168.0.21","192.168.3.255","UDP","44","56059  >  5805 Len=2"
"661","165.580665","192.168.0.21","192.168.3.255","UDP","122","56059  >  5805 Len=80"
"662","165.582062","192.168.0.21","192.168.3.255","UDP","163","56059  >  5805 Len=121"
"663","165.582667","192.168.0.21","192.168.3.255","UDP","190","56059  >  5805 Len=148"
"664","165.583190","192.168.0.21","192.168.3.255","UDP","145","56059  >  5805 Len=103"
"665","165.583990","192.168.0.21","192.168.3.255","UDP","162","56059  >  5805 Len=120"
"666","165.584575","192.168.0.21","192.168.3.255","UDP","125","56059  >  5805 Len=83"
"667","165.585105","192.168.0.21","192.168.3.255","UDP","182","56059  >  5805 Len=140"
"668","167.086593","192.168.0.21","192.168.3.255","UDP","89","56059  >  5805 Len=47"
"669","167.087564","192.168.0.21","192.168.3.255","UDP","156","56059  >  5805 Len=114"
"670","167.088976","192.168.0.21","192.168.3.255","UDP","251","56059  >  5805 Len=209"
"671","167.090171","192.168.0.21","192.168.3.255","UDP","127","56059  >  5805 Len=85"
"672","167.091267","192.168.0.21","192.168.3.255","UDP","290","56059  >  5805 Len=248"
"673","167.092764","192.168.0.21","192.168.3.255","UDP","273","56059  >  5805 Len=231"
"674","167.093409","192.168.0.21","192.168.3.255","UDP","132","56059  >  5805 Len=90"
"675","167.093785","192.168.0.21","192.168.3.255","UDP","190","56059  >  5805 Len=148"
"676","167.094224","192.168.0.21","192.168.3.255","UDP","114","56059  >  5805 Len=72"
"677","168.594772","192.168.0.21","192.168.3.255","UDP","171","56059  >  5805 Len=129"
"678","168.596024","192.168.0.21","192.168.3.255","UDP","122","56059  >  5805 Len=80"
"679","168.597366","192.168.0.21","192.168.3.255","UDP","129","56059  >  5805 Len=87"
"680","168.598535","192.168.0.21","192.168.3.255","UDP","164","56059  >  5805 Len=122"
"681","168.599561","192.168.0.21","192.168.3.255","UDP","207","56059  >  5805 Len=165"
"682","168.600636","192.168.0.21","192.168.3.255","UDP","210","56059  >  5805 Len=168"
"683","168.601496","192.168.0.21","192.168.3.255","UDP","232","56059  >  5805 Len=190"
"684","168.602462","192.168.0.21","192.168.3.255","UDP","78","56059  >  5805 Len=36"
"685","168.603473","192.168.0.21","192.168.3.255","UDP","44","56059  >  5805 Len=2"
"690","170.105641","192.168.0.21","192.168.3.255","UDP","112","56059  >  5805 Len=70"
"691","170.106649","192.168.0.21","192.168.3.255","UDP","130","56059  >  5805 Len=88"
"692","170.107754","192.168.0.21","192.168.3.255","UDP","171","56059  >  5805 Len=129"
"693","170.108711","192.168.0.21","192.168.3.255","UDP","157","56059  >  5805 Len=115"
"696","170.109896","192.168.0.21","192.168.3.255","UDP","160","56059  >  5805 Len=118"
"697","170.111399","192.168.0.21","192.168.3.255","UDP","155","56059  >  5805 Len=113"
"698","170.112205","192.168.0.21","192.168.3.255","UDP","203","56059  >  5805 Len=161"
"699","170.112654","192.168.0.21","192.168.3.255","UDP","158","56059  >  5805 Len=116"
"700","170.113125","192.168.0.21","192.168.3.255","UDP","207","56059  >  5805 Len=165"
"706","174.615263","192.168.0.21","192.168.3.255","UDP","153","56059  >  5805 Len=111"
"707","174.616442","192.168.0.21","192.168.3.255","UDP","188","56059  >  5805 Len=146"
"708","174.617573","192.168.0.21","192.168.3.255","UDP","145","56059  >  5805 Len=103"
"710","176.119049","192.168.0.21","192.168.3.255","UDP","130","56059  >  5805 Len=88"
"711","176.120714","192.168.0.21","192.168.3.255","UDP","151","56059  >  5805 Len=109"
"712","176.123896","192.168.0.21","192.168.3.255","UDP","168","56059  >  5805 Len=126"
"713","176.124684","192.168.0.21","192.168.3.255","UDP","81","56059  >  5805 Len=39"
"714","176.125169","192.168.0.21","192.168.3.255","UDP","121","56059  >  5805 Len=79"
"715","176.125691","192.168.0.21","192.168.3.255","UDP","44","56059  >  5805 Len=2"
"716","176.125981","192.168.0.21","192.168.3.255","UDP","118","56059  >  5805 Len=76"
"717","176.126346","192.168.0.21","192.168.3.255","UDP","43","56059  >  5805 Len=1"
"718","176.126846","192.168.0.21","192.168.3.255","UDP","272","56059  >  5805 Len=230"
"720","177.627675","192.168.0.21","192.168.3.255","UDP","200","56059  >  5805 Len=158"
"721","177.628891","192.168.0.21","192.168.3.255","UDP","132","56059  >  5805 Len=90"
"722","177.630102","192.168.0.21","192.168.3.255","UDP","711","56059  >  5805 Len=669"
"725","182.132560","192.168.0.21","192.168.3.255","UDP","44","56059  >  5805 Len=2"
"726","182.133606","192.168.0.21","192.168.3.255","UDP","151","56059  >  5805 Len=109"
"727","182.134654","192.168.0.21","192.168.3.255","UDP","141","56059  >  5805 Len=99"
"728","183.636663","192.168.0.21","192.168.3.255","UDP","104","56059  >  5805 Len=62"
"729","183.638269","192.168.0.21","192.168.3.255","UDP","92","56059  >  5805 Len=50"
"730","183.639391","192.168.0.21","192.168.3.255","UDP","158","56059  >  5805 Len=116"
"733","185.139543","192.168.0.21","192.168.3.255","UDP","579","56059  >  5805 Len=537"
"734","185.140563","192.168.0.21","192.168.3.255","UDP","279","56059  >  5805 Len=237"
"735","185.142026","192.168.0.21","192.168.3.255","UDP","195","56059  >  5805 Len=153"
"738","186.644613","192.168.0.21","192.168.3.255","UDP","145","56059  >  5805 Len=103"
"739","186.645738","192.168.0.21","192.168.3.255","UDP","127","56059  >  5805 Len=85"
"740","186.646958","192.168.0.21","192.168.3.255","UDP","114","56059  >  5805 Len=72"
"741","188.148318","192.168.0.21","192.168.3.255","UDP","200","56059  >  5805 Len=158"
"742","188.149677","192.168.0.21","192.168.3.255","UDP","208","56059  >  5805 Len=166"
"743","188.150597","192.168.0.21","192.168.3.255","UDP","105","56059  >  5805 Len=63"
"748","192.652129","192.168.0.21","192.168.3.255","UDP","365","56059  >  5805 Len=323"
"749","192.653311","192.168.0.21","192.168.3.255","UDP","334","56059  >  5805 Len=292"
"750","192.654463","192.168.0.21","192.168.3.255","UDP","276","56059  >  5805 Len=234"
"751","194.155554","192.168.0.21","192.168.3.255","UDP","213","56059  >  5805 Len=171"
"752","194.156622","192.168.0.21","192.168.3.255","UDP","126","56059  >  5805 Len=84"
"753","194.158193","192.168.0.21","192.168.3.255","UDP","127","56059  >  5805 Len=85"
"755","195.659764","192.168.0.21","192.168.3.255","UDP","166","56059  >  5805 Len=124"
"756","195.660921","192.168.0.21","192.168.3.255","UDP","108","56059  >  5805 Len=66"
"757","195.662187","192.168.0.21","192.168.3.255","UDP","90","56059  >  5805 Len=48"
"758","197.162927","192.168.0.21","192.168.3.255","UDP","163","56059  >  5805 Len=121"
"759","197.164151","192.168.0.21","192.168.3.255","UDP","140","56059  >  5805 Len=98"
"760","197.165370","192.168.0.21","192.168.3.255","UDP","132","56059  >  5805 Len=90"
"761","197.166397","192.168.0.21","192.168.3.255","UDP","168","56059  >  5805 Len=126"
"762","197.167464","192.168.0.21","192.168.3.255","UDP","223","56059  >  5805 Len=181"
"763","197.168147","192.168.0.21","192.168.3.255","UDP","91","56059  >  5805 Len=49"
"764","197.168976","192.168.0.21","192.168.3.255","UDP","99","56059  >  5805 Len=57"
"765","197.169723","192.168.0.21","192.168.3.255","UDP","99","56059  >  5805 Len=57"
"766","197.170683","192.168.0.21","192.168.3.255","UDP","217","56059  >  5805 Len=175"
"767","198.671414","192.168.0.21","192.168.3.255","ADwin Config","138",""
"768","198.672276","192.168.0.21","192.168.3.255","UDP","202","56059  >  5805 Len=160"
"769","198.674148","192.168.0.21","192.168.3.255","UDP","140","56059  >  5805 Len=98"
"770","198.675319","192.168.0.21","192.168.3.255","UDP","261","56059  >  5805 Len=219"
"771","198.676357","192.168.0.21","192.168.3.255","UDP","235","56059  >  5805 Len=193"
"772","198.677167","192.168.0.21","192.168.3.255","UDP","101","56059  >  5805 Len=59"
"773","198.677678","192.168.0.21","192.168.3.255","UDP","195","56059  >  5805 Len=153"
"774","198.678207","192.168.0.21","192.168.3.255","UDP","174","56059  >  5805 Len=132"
"775","198.678819","192.168.0.21","192.168.3.255","UDP","238","56059  >  5805 Len=196"
"783","203.179791","192.168.0.21","192.168.3.255","UDP","243","56059  >  5805 Len=201"
"784","203.180584","192.168.0.21","192.168.3.255","UDP","154","56059  >  5805 Len=112"
"785","203.182522","192.168.0.21","192.168.3.255","UDP","198","56059  >  5805 Len=156"
"786","203.183691","192.168.0.21","192.168.3.255","UDP","274","56059  >  5805 Len=232"
"787","203.184783","192.168.0.21","192.168.3.255","UDP","342","56059  >  5805 Len=300"
"788","203.185578","192.168.0.21","192.168.3.255","UDP","221","56059  >  5805 Len=179"
"789","203.186267","192.168.0.21","192.168.3.255","UDP","106","56059  >  5805 Len=64"
"790","203.187062","192.168.0.21","192.168.3.255","UDP","97","56059  >  5805 Len=55"
"791","203.187901","192.168.0.21","192.168.3.255","UDP","225","56059  >  5805 Len=183"
"793","204.688615","192.168.0.21","192.168.3.255","UDP","177","56059  >  5805 Len=135"
"794","204.689522","192.168.0.21","192.168.3.255","UDP","186","56059  >  5805 Len=144"
"795","204.690879","192.168.0.21","192.168.3.255","UDP","325","56059  >  5805 Len=283"
"796","206.192942","192.168.0.21","192.168.3.255","UDP","223","56059  >  5805 Len=181"
"797","206.194083","192.168.0.21","192.168.3.255","UDP","221","56059  >  5805 Len=179"
"798","206.195323","192.168.0.21","192.168.3.255","UDP","201","56059  >  5805 Len=159"
"799","207.697045","192.168.0.21","192.168.3.255","UDP","233","56059  >  5805 Len=191"
"800","207.698138","192.168.0.21","192.168.3.255","UDP","297","56059  >  5805 Len=255"
"801","207.699424","192.168.0.21","192.168.3.255","UDP","196","56059  >  5805 Len=154"
"809","209.201227","192.168.0.21","192.168.3.255","UDP","115","56059  >  5805 Len=73"
"810","209.202366","192.168.0.21","192.168.3.255","UDP","187","56059  >  5805 Len=145"
"811","209.203539","192.168.0.21","192.168.3.255","UDP","227","56059  >  5805 Len=185"
"814","210.704491","192.168.0.21","192.168.3.255","UDP","207","56059  >  5805 Len=165"
"815","210.705761","192.168.0.21","192.168.3.255","UDP","101","56059  >  5805 Len=59"
"816","210.706976","192.168.0.21","192.168.3.255","UDP","308","56059  >  5805 Len=266"
"817","210.708155","192.168.0.21","192.168.3.255","UDP","87","56059  >  5805 Len=45"
"818","210.709133","192.168.0.21","192.168.3.255","UDP","97","56059  >  5805 Len=55"
"819","210.709649","192.168.0.21","192.168.3.255","UDP","210","56059  >  5805 Len=168"
"820","210.710093","192.168.0.21","192.168.3.255","UDP","105","56059  >  5805 Len=63"
"821","210.710619","192.168.0.21","192.168.3.255","UDP","225","56059  >  5805 Len=183"
"822","210.711153","192.168.0.21","192.168.3.255","UDP","206","56059  >  5805 Len=164"
"824","215.213015","192.168.0.21","192.168.3.255","UDP","324","56059  >  5805 Len=282"
"825","215.214218","192.168.0.21","192.168.3.255","UDP","116","56059  >  5805 Len=74"
"826","215.215470","192.168.0.21","192.168.3.255","UDP","105","56059  >  5805 Len=63"
"827","215.218423","192.168.0.21","192.168.3.255","UDP","189","56059  >  5805 Len=147"
"828","215.218918","192.168.0.21","192.168.3.255","UDP","231","56059  >  5805 Len=189"
"829","215.219307","192.168.0.21","192.168.3.255","UDP","233","56059  >  5805 Len=191"
"830","215.219599","192.168.0.21","192.168.3.255","UDP","195","56059  >  5805 Len=153"
"831","215.219953","192.168.0.21","192.168.3.255","UDP","339","56059  >  5805 Len=297"
"832","215.220446","192.168.0.21","192.168.3.255","UDP","189","56059  >  5805 Len=147"
"833","216.721598","192.168.0.21","192.168.3.255","UDP","83","56059  >  5805 Len=41"
"834","216.723004","192.168.0.21","192.168.3.255","UDP","259","56059  >  5805 Len=217"
"835","216.724258","192.168.0.21","192.168.3.255","UDP","305","56059  >  5805 Len=263"
"838","218.226980","192.168.0.21","192.168.3.255","UDP","198","56059  >  5805 Len=156"
"839","218.228091","192.168.0.21","192.168.3.255","UDP","168","56059  >  5805 Len=126"
"840","218.229102","192.168.0.21","192.168.3.255","UDP","153","56059  >  5805 Len=111"
"841","218.230167","192.168.0.21","192.168.3.255","UDP","251","56059  >  5805 Len=209"
"842","218.231038","192.168.0.21","192.168.3.255","UDP","381","56059  >  5805 Len=339"
"843","218.231693","192.168.0.21","192.168.3.255","UDP","164","56059  >  5805 Len=122"
"844","218.232424","192.168.0.21","192.168.3.255","UDP","215","56059  >  5805 Len=173"
"845","218.232940","192.168.0.21","192.168.3.255","UDP","214","56059  >  5805 Len=172"
"846","218.233417","192.168.0.21","192.168.3.255","UDP","157","56059  >  5805 Len=115"
"850","219.735201","192.168.0.21","192.168.3.255","UDP","164","56059  >  5805 Len=122"
"851","219.736251","192.168.0.21","192.168.3.255","UDP","150","56059  >  5805 Len=108"
"852","219.737149","192.168.0.21","192.168.3.255","UDP","123","56059  >  5805 Len=81"
"857","224.239179","192.168.0.21","192.168.3.255","UDP","44","56059  >  5805 Len=2"
"858","224.240443","192.168.0.21","192.168.3.255","UDP","166","56059  >  5805 Len=124"
"859","224.241673","192.168.0.21","192.168.3.255","UDP","117","56059  >  5805 Len=75"
"860","224.244062","192.168.0.21","192.168.3.255","UDP","235","56059  >  5805 Len=193"
"861","224.244654","192.168.0.21","192.168.3.255","UDP","136","56059  >  5805 Len=94"
"862","224.245043","192.168.0.21","192.168.3.255","UDP","185","56059  >  5805 Len=143"
"863","224.245524","192.168.0.21","192.168.3.255","UDP","238","56059  >  5805 Len=196"
"864","224.245995","192.168.0.21","192.168.3.255","UDP","127","56059  >  5805 Len=85"
"865","224.246384","192.168.0.21","192.168.3.255","UDP","114","56059  >  5805 Len=72"
"872","225.746972","192.168.0.21","192.168.3.255","UDP","281","56059  >  5805 Len=239"
"873","225.748097","192.168.0.21","192.168.3.255","UDP","312","56059  >  5805 Len=270"
"874","225.749067","192.168.0.21","192.168.3.255","UDP","45","56059  >  5805 Len=3"
"875","225.749886","192.168.0.21","192.168.3.255","UDP","235","56059  >  5805 Len=193"
"876","225.750397","192.168.0.21","192.168.3.255","UDP","53","56059  >  5805 Len=11"
"877","225.751091","192.168.0.21","192.168.3.255","UDP","44","56059  >  5805 Len=2"
"878","225.751781","192.168.0.21","192.168.3.255","UDP","155","56059  >  5805 Len=113"
"879","225.752377","192.168.0.21","192.168.3.255","ADwin Config","94",""
"880","225.753099","192.168.0.21","192.168.3.255","UDP","120","56059  >  5805 Len=78"
"884","227.254586","192.168.0.21","192.168.3.255","UDP","110","56059  >  5805 Len=68"
"885","227.256058","192.168.0.21","192.168.3.255","UDP","119","56059  >  5805 Len=77"
"886","227.257915","192.168.0.21","192.168.3.255","UDP","62","56059  >  5805 Len=20"
"887","227.258839","192.168.0.21","192.168.3.255","UDP","237","56059  >  5805 Len=195"
"888","227.261007","192.168.0.21","192.168.3.255","UDP","68","56059  >  5805 Len=26"
"889","227.262660","192.168.0.21","192.168.3.255","UDP","45","56059  >  5805 Len=3"
"890","227.263106","192.168.0.21","192.168.3.255","UDP","79","56059  >  5805 Len=37"
"891","227.263629","192.168.0.21","192.168.3.255","UDP","352","56059  >  5805 Len=310"
"892","227.264193","192.168.0.21","192.168.3.255","UDP","181","56059  >  5805 Len=139"
"894","228.766306","192.168.0.21","192.168.3.255","UDP","193","56059  >  5805 Len=151"
"895","228.767072","192.168.0.21","192.168.3.255","UDP","103","56059  >  5805 Len=61"
"896","228.767833","192.168.0.21","192.168.3.255","UDP","118","56059  >  5805 Len=76"
"897","228.768322","192.168.0.21","192.168.3.255","UDP","181","56059  >  5805 Len=139"
"898","228.768706","192.168.0.21","192.168.3.255","UDP","119","56059  >  5805 Len=77"
"899","228.769109","192.168.0.21","192.168.3.255","UDP","228","56059  >  5805 Len=186"
"900","228.769459","192.168.0.21","192.168.3.255","UDP","135","56059  >  5805 Len=93"
"901","228.769858","192.168.0.21","192.168.3.255","UDP","195","56059  >  5805 Len=153"
"902","228.770228","192.168.0.21","192.168.3.255","UDP","120","56059  >  5805 Len=78"
"904","230.271228","192.168.0.21","192.168.3.255","UDP","132","56059  >  5805 Len=90"
"905","230.272488","192.168.0.21","192.168.3.255","UDP","179","56059  >  5805 Len=137"
"906","230.273714","192.168.0.21","192.168.3.255","UDP","173","56059  >  5805 Len=131"
"907","230.274701","192.168.0.21","192.168.3.255","UDP","158","56059  >  5805 Len=116"
"908","230.275917","192.168.0.21","192.168.3.255","UDP","222","56059  >  5805 Len=180"
"909","230.276454","192.168.0.21","192.168.3.255","UDP","164","56059  >  5805 Len=122"
"910","230.276939","192.168.0.21","192.168.3.255","UDP","121","56059  >  5805 Len=79"
"911","230.277438","192.168.0.21","192.168.3.255","UDP","45","56059  >  5805 Len=3"
"912","230.278579","192.168.0.21","192.168.3.255","UDP","144","56059  >  5805 Len=102"
"914","234.781043","192.168.0.21","192.168.3.255","UDP","195","56059  >  5805 Len=153"
"915","234.782447","192.168.0.21","192.168.3.255","UDP","144","56059  >  5805 Len=102"
"916","234.785179","192.168.0.21","192.168.3.255","UDP","143","56059  >  5805 Len=101"
"917","234.785775","192.168.0.21","192.168.3.255","UDP","232","56059  >  5805 Len=190"
"918","234.786114","192.168.0.21","192.168.3.255","UDP","183","56059  >  5805 Len=141"
"919","234.786560","192.168.0.21","192.168.3.255","UDP","227","56059  >  5805 Len=185"
"920","234.787029","192.168.0.21","192.168.3.255","UDP","161","56059  >  5805 Len=119"
"921","234.787447","192.168.0.21","192.168.3.255","UDP","200","56059  >  5805 Len=158"
"922","234.787923","192.168.0.21","192.168.3.255","UDP","229","56059  >  5805 Len=187"
"926","236.288073","192.168.0.21","192.168.3.255","UDP","128","56059  >  5805 Len=86"
"927","236.288837","192.168.0.21","192.168.3.255","UDP","204","56059  >  5805 Len=162"
"928","236.289997","192.168.0.21","192.168.3.255","UDP","162","56059  >  5805 Len=120"
"929","237.792104","192.168.0.21","192.168.3.255","UDP","167","56059  >  5805 Len=125"
"930","237.793842","192.168.0.21","192.168.3.255","UDP","197","56059  >  5805 Len=155"
"931","237.795666","192.168.0.21","192.168.3.255","UDP","180","56059  >  5805 Len=138"
"939","242.297677","192.168.0.21","192.168.3.255","UDP","205","56059  >  5805 Len=163"
"940","242.298702","192.168.0.21","192.168.3.255","UDP","201","56059  >  5805 Len=159"
"941","242.299744","192.168.0.21","192.168.3.255","UDP","136","56059  >  5805 Len=94"
"944","243.800775","192.168.0.21","192.168.3.255","UDP","181","56059  >  5805 Len=139"
"945","243.801795","192.168.0.21","192.168.3.255","UDP","217","56059  >  5805 Len=175"
"946","243.803388","192.168.0.21","192.168.3.255","UDP","155","56059  >  5805 Len=113"
"951","245.304299","192.168.0.21","192.168.3.255","UDP","200","56059  >  5805 Len=158"
"952","245.305078","192.168.0.21","192.168.3.255","UDP","158","56059  >  5805 Len=116"
"953","245.306070","192.168.0.21","192.168.3.255","UDP","120","56059  >  5805 Len=78"
"955","246.807107","192.168.0.21","192.168.3.255","UDP","110","56059  >  5805 Len=68"
"956","246.808257","192.168.0.21","192.168.3.255","UDP","156","56059  >  5805 Len=114"
"957","246.809208","192.168.0.21","192.168.3.255","UDP","213","56059  >  5805 Len=171"
"958","246.811175","192.168.0.21","192.168.3.255","UDP","153","56059  >  5805 Len=111"
"959","246.811827","192.168.0.21","192.168.3.255","UDP","100","56059  >  5805 Len=58"
"960","246.812233","192.168.0.21","192.168.3.255","UDP","169","56059  >  5805 Len=127"
"961","246.812767","192.168.0.21","192.168.3.255","UDP","201","56059  >  5805 Len=159"
"962","246.813234","192.168.0.21","192.168.3.255","UDP","135","56059  >  5805 Len=93"
"963","246.813931","192.168.0.21","192.168.3.255","UDP","185","56059  >  5805 Len=143"
"969","248.314557","192.168.0.21","192.168.3.255","UDP","113","56059  >  5805 Len=71"
"970","248.315557","192.168.0.21","192.168.3.255","UDP","151","56059  >  5805 Len=109"
"971","248.316795","192.168.0.21","192.168.3.255","UDP","216","56059  >  5805 Len=174"
"972","248.318028","192.168.0.21","192.168.3.255","UDP","119","56059  >  5805 Len=77"
"973","248.319082","192.168.0.21","192.168.3.255","UDP","258","56059  >  5805 Len=216"
"974","248.319584","192.168.0.21","192.168.3.255","UDP","72","56059  >  5805 Len=30"
"975","248.320110","192.168.0.21","192.168.3.255","UDP","114","56059  >  5805 Len=72"
"976","248.320615","192.168.0.21","192.168.3.255","UDP","267","56059  >  5805 Len=225"
"977","248.321054","192.168.0.21","192.168.3.255","UDP","315","56059  >  5805 Len=273"
