{"schemaVersion":21,"addons":[{"id":"aushelper@mozilla.org","syncGUID":"{da346f58-00c4-e147-8926-6a5d96420771}","location":"app-system-defaults","version":"2.0","type":"extension","internalName":null,"updateURL":null,"updateKey":null,"optionsURL":null,"optionsType":null,"aboutURL":null,"defaultLocale":{"name":"Application Update Service Helper","description":"Sets value(s) in the update url based on custom checks.","creator":null,"homepageURL":null},"visible":true,"active":true,"userDisabled":false,"appDisabled":false,"installDate":1503582075000,"updateDate":1503582075000,"applyBackgroundUpdates":1,"bootstrap":true,"path":"/Applications/Firefox.app/Contents/Resources/browser/features/aushelper@mozilla.org.xpi","skinnable":false,"size":8488,"sourceURI":null,"releaseNotesURI":null,"softDisabled":false,"foreignInstall":false,"hasBinaryComponents":false,"strictCompatibility":false,"locales":[],"targetApplications":[{"id":"{ec8030f7-c20a-464f-9b0e-13a3a9e97384}","minVersion":"55.0.3","maxVersion":"55.*"}],"targetPlatforms":[],"multiprocessCompatible":true,"seen":true,"dependencies":[],"hasEmbeddedWebExtension":false,"mpcOptedOut":false,"userPermissions":null,"icons":{},"iconURL":null,"icon64URL":null},{"id":"clicktoplay-rollout@mozilla.org","syncGUID":"{a4ae20ea-4ee7-ad44-a990-6c75d22e75d2}","location":"app-system-defaults","version":"1.2","type":"extension","internalName":null,"updateURL":null,"updateKey":null,"optionsURL":null,"optionsType":null,"aboutURL":null,"defaultLocale":{"name":"Click-to-Play staged rollout","description":"Staged rollout for Click-to-Play Flash.","creator":null,"homepageURL":null},"visible":false,"active":false,"userDisabled":false,"appDisabled":false,"installDate":1503582075000,"updateDate":1503582075000,"applyBackgroundUpdates":1,"bootstrap":true,"path":"/Applications/Firefox.app/Contents/Resources/browser/features/clicktoplay-rollout@mozilla.org.xpi","skinnable":false,"size":5621,"sourceURI":null,"releaseNotesURI":null,"softDisabled":false,"foreignInstall":false,"hasBinaryComponents":false,"strictCompatibility":false,"locales":[],"targetApplications":[{"id":"{ec8030f7-c20a-464f-9b0e-13a3a9e97384}","minVersion":"55.0.3","maxVersion":"55.*"}],"targetPlatforms":[],"multiprocessCompatible":true,"seen":true,"dependencies":[],"hasEmbeddedWebExtension":false,"mpcOptedOut":false,"userPermissions":null,"icons":{},"iconURL":null,"icon64URL":null},{"id":"e10srollout@mozilla.org","syncGUID":"{43c433e6-be44-534c-8a7f-4ea4e4a72fb9}","location":"app-system-defaults","version":"2.0","type":"extension","internalName":null,"updateURL":null,"updateKey":null,"optionsURL":null,"optionsType":null,"aboutURL":null,"defaultLocale":{"name":"Multi-process staged rollout","description":"Staged rollout of Firefox multi-process feature.","creator":null,"homepageURL":null},"visible":false,"active":false,"userDisabled":false,"appDisabled":false,"installDate":1503582075000,"updateDate":1503582075000,"applyBackgroundUpdates":1,"bootstrap":true,"path":"/Applications/Firefox.app/Contents/Resources/browser/features/e10srollout@mozilla.org.xpi","skinnable":false,"size":13287,"sourceURI":null,"releaseNotesURI":null,"softDisabled":false,"foreignInstall":false,"hasBinaryComponents":false,"strictCompatibility":false,"locales":[],"targetApplications":[{"id":"{ec8030f7-c20a-464f-9b0e-13a3a9e97384}","minVersion":"55.0.3","maxVersion":"55.*"}],"targetPlatforms":[],"multiprocessCompatible":true,"seen":true,"dependencies":[],"hasEmbeddedWebExtension":false,"mpcOptedOut":false,"userPermissions":null,"icons":{},"iconURL":null,"icon64URL":null},{"id":"firefox@getpocket.com","syncGUID":"{7071fb9f-3141-4c4b-88b2-dd501482345f}","location":"app-system-defaults","version":"1.0.5","type":"extension","internalName":null,"updateURL":null,"updateKey":null,"optionsURL":null,"optionsType":null,"aboutURL":null,"defaultLocale":{"name":"Pocket","description":"When you find something you want to view later, put it in Pocket.","creator":null,"homepageURL":null},"visible":true,"active":true,"userDisabled":false,"appDisabled":false,"installDate":1503582075000,"updateDate":1503582075000,"applyBackgroundUpdates":1,"bootstrap":true,"path":"/Applications/Firefox.app/Contents/Resources/browser/features/firefox@getpocket.com.xpi","skinnable":false,"size":862517,"sourceURI":null,"releaseNotesURI":null,"softDisabled":false,"foreignInstall":false,"hasBinaryComponents":false,"strictCompatibility":false,"locales":[],"targetApplications":[{"id":"{ec8030f7-c20a-464f-9b0e-13a3a9e97384}","minVersion":"55.0.3","maxVersion":"55.*"}],"targetPlatforms":[],"multiprocessCompatible":true,"seen":true,"dependencies":[],"hasEmbeddedWebExtension":false,"mpcOptedOut":false,"userPermissions":null,"icons":{},"iconURL":null,"icon64URL":null},{"id":"followonsearch@mozilla.com","syncGUID":"{31bd03bc-77d1-2e4a-ae9c-109b971c11f8}","location":"app-system-defaults","version":"0.9.1","type":"extension","internalName":null,"updateURL":null,"updateKey":null,"optionsURL":null,"optionsType":null,"aboutURL":null,"defaultLocale":{"name":"Follow-on Search Telemetry","description":null,"creator":null,"homepageURL":null},"visible":false,"active":false,"userDisabled":false,"appDisabled":false,"installDate":1503582075000,"updateDate":1503582075000,"applyBackgroundUpdates":1,"bootstrap":true,"path":"/Applications/Firefox.app/Contents/Resources/browser/features/followonsearch@mozilla.com.xpi","skinnable":false,"size":16730,"sourceURI":null,"releaseNotesURI":null,"softDisabled":false,"foreignInstall":false,"hasBinaryComponents":false,"strictCompatibility":false,"locales":[],"targetApplications":[{"id":"{ec8030f7-c20a-464f-9b0e-13a3a9e97384}","minVersion":"52.0","maxVersion":"59.*"}],"targetPlatforms":[],"multiprocessCompatible":true,"seen":true,"dependencies":[],"hasEmbeddedWebExtension":false,"mpcOptedOut":false,"userPermissions":null,"icons":{},"iconURL":null,"icon64URL":null},{"id":"screenshots@mozilla.org","syncGUID":"{0e0203ec-fe40-2345-af71-6eab357bfc98}","location":"app-system-defaults","version":"10.12.0","type":"extension","internalName":null,"updateURL":null,"updateKey":null,"optionsURL":null,"optionsType":null,"aboutURL":null,"defaultLocale":{"name":"Firefox Screenshots","description":null,"creator":null,"homepageURL":"https://pageshot.net/"},"visible":false,"active":false,"userDisabled":false,"appDisabled":false,"installDate":1503582076000,"updateDate":1503582076000,"applyBackgroundUpdates":1,"bootstrap":true,"path":"/Applications/Firefox.app/Contents/Resources/browser/features/screenshots@mozilla.org.xpi","skinnable":false,"size":714554,"sourceURI":null,"releaseNotesURI":null,"softDisabled":false,"foreignInstall":false,"hasBinaryComponents":false,"strictCompatibility":false,"locales":[],"targetApplications":[{"id":"{ec8030f7-c20a-464f-9b0e-13a3a9e97384}","minVersion":"51.0a1","maxVersion":"*"}],"targetPlatforms":[],"multiprocessCompatible":true,"seen":true,"dependencies":[],"hasEmbeddedWebExtension":false,"mpcOptedOut":false,"userPermissions":null,"icons":{},"iconURL":null,"icon64URL":null},{"id":"shield-recipe-client@mozilla.org","syncGUID":"{5e000cce-6158-6144-8a0b-ac8f17477d07}","location":"app-system-defaults","version":"55.1","type":"extension","internalName":null,"updateURL":null,"updateKey":null,"optionsURL":null,"optionsType":null,"aboutURL":null,"defaultLocale":{"name":"Shield Recipe Client","description":"Client to download and run recipes for SHIELD, Heartbeat, etc.","creator":null,"homepageURL":null},"visible":true,"active":true,"userDisabled":false,"appDisabled":false,"installDate":1503582076000,"updateDate":1503582076000,"applyBackgroundUpdates":1,"bootstrap":true,"path":"/Applications/Firefox.app/Contents/Resources/browser/features/shield-recipe-client@mozilla.org.xpi","skinnable":false,"size":140305,"sourceURI":null,"releaseNotesURI":null,"softDisabled":false,"foreignInstall":false,"hasBinaryComponents":false,"strictCompatibility":false,"locales":[],"targetApplications":[{"id":"{ec8030f7-c20a-464f-9b0e-13a3a9e97384}","minVersion":"55.0.3","maxVersion":"55.*"}],"targetPlatforms":[],"multiprocessCompatible":true,"seen":true,"dependencies":[],"hasEmbeddedWebExtension":false,"mpcOptedOut":false,"userPermissions":null,"icons":{},"iconURL":null,"icon64URL":null},{"id":"webcompat@mozilla.org","syncGUID":"{a58a388b-bd5b-9841-9409-837954d41c40}","location":"app-system-defaults","version":"1.1","type":"extension","internalName":null,"updateURL":null,"updateKey":null,"optionsURL":null,"optionsType":null,"aboutURL":null,"defaultLocale":{"name":"Web Compat","description":"Urgent post-release fixes for web compatibility.","creator":null,"homepageURL":null},"visible":true,"active":true,"userDisabled":false,"appDisabled":false,"installDate":1503582076000,"updateDate":1503582076000,"applyBackgroundUpdates":1,"bootstrap":true,"path":"/Applications/Firefox.app/Contents/Resources/browser/features/webcompat@mozilla.org.xpi","skinnable":false,"size":8992,"sourceURI":null,"releaseNotesURI":null,"softDisabled":false,"foreignInstall":false,"hasBinaryComponents":false,"strictCompatibility":false,"locales":[],"targetApplications":[{"id":"{ec8030f7-c20a-464f-9b0e-13a3a9e97384}","minVersion":"55.0.3","maxVersion":"55.*"}],"targetPlatforms":[],"multiprocessCompatible":true,"seen":true,"dependencies":[],"hasEmbeddedWebExtension":false,"mpcOptedOut":false,"userPermissions":null,"icons":{},"iconURL":null,"icon64URL":null},{"id":"{972ce4c6-7e08-4474-a285-3208198ce6fd}","syncGUID":"{f96a5168-cb59-6147-9fb6-847650a8d245}","location":"app-global","version":"55.0.3","type":"theme","internalName":"classic/1.0","updateURL":null,"updateKey":null,"optionsURL":null,"optionsType":null,"optionsBrowserStyle":null,"aboutURL":null,"defaultLocale":{"name":"Default","description":"The default theme.","creator":"Mozilla","homepageURL":null,"contributors":["Mozilla Contributors"]},"visible":true,"active":true,"userDisabled":false,"appDisabled":false,"installDate":1503582075000,"updateDate":1503582075000,"applyBackgroundUpdates":1,"path":"/Applications/Firefox.app/Contents/Resources/browser/extensions/{972ce4c6-7e08-4474-a285-3208198ce6fd}.xpi","skinnable":true,"size":3588,"sourceURI":null,"releaseNotesURI":null,"softDisabled":false,"foreignInstall":false,"hasBinaryComponents":false,"strictCompatibility":true,"locales":[],"targetApplications":[{"id":"{ec8030f7-c20a-464f-9b0e-13a3a9e97384}","minVersion":"55.0.3","maxVersion":"55.0.3"}],"targetPlatforms":[],"seen":true,"dependencies":[],"hasEmbeddedWebExtension":false,"userPermissions":null,"icons":{},"iconURL":"chrome://browser/content/default-theme-icon.svg","icon64URL":null},{"id":"clicktoplay-rollout@mozilla.org","syncGUID":"{193f3f4f-a5f1-6f43-b615-bd8aace89ddd}","location":"app-system-addons","version":"1.4","type":"extension","internalName":null,"updateURL":null,"updateKey":null,"optionsURL":null,"optionsType":null,"aboutURL":null,"defaultLocale":{"name":"Click-to-Play staged rollout","description":"Staged rollout for Click-to-Play Flash.","creator":null,"homepageURL":null},"visible":true,"active":true,"userDisabled":false,"appDisabled":false,"installDate":1505943446000,"updateDate":1505943446000,"applyBackgroundUpdates":1,"bootstrap":true,"path":"/Users/tnek/Library/Application Support/Firefox/Profiles/fk1onhl4.default/features/{c1d15c9e-f52f-cb40-870b-2eca8369cabb}/clicktoplay-rollout@mozilla.org.xpi","skinnable":false,"size":10235,"sourceURI":"file:///var/folders/wk/1cwk8h5s3pl3h47ghpx2h_0c0000gn/T/tmpaddon-eb874","releaseNotesURI":null,"softDisabled":false,"foreignInstall":false,"hasBinaryComponents":false,"strictCompatibility":false,"locales":[],"targetApplications":[{"id":"{ec8030f7-c20a-464f-9b0e-13a3a9e97384}","minVersion":"55.0","maxVersion":"55.*"}],"targetPlatforms":[],"multiprocessCompatible":true,"signedState":3,"seen":true,"dependencies":[],"hasEmbeddedWebExtension":false,"mpcOptedOut":false,"userPermissions":null,"icons":{},"iconURL":null,"icon64URL":null},{"id":"e10srollout@mozilla.org","syncGUID":"{9951d199-95d2-9b4b-b2b0-3bdf350cee86}","location":"app-system-addons","version":"2.05","type":"extension","internalName":null,"updateURL":null,"updateKey":null,"optionsURL":null,"optionsType":null,"aboutURL":null,"defaultLocale":{"name":"Multi-process staged rollout","description":"Staged rollout of Firefox multi-process feature.","creator":null,"homepageURL":null},"visible":true,"active":true,"userDisabled":false,"appDisabled":false,"installDate":1505943446000,"updateDate":1505943446000,"applyBackgroundUpdates":1,"bootstrap":true,"path":"/Users/tnek/Library/Application Support/Firefox/Profiles/fk1onhl4.default/features/{c1d15c9e-f52f-cb40-870b-2eca8369cabb}/e10srollout@mozilla.org.xpi","skinnable":false,"size":17848,"sourceURI":"file:///var/folders/wk/1cwk8h5s3pl3h47ghpx2h_0c0000gn/T/tmpaddon","releaseNotesURI":null,"softDisabled":false,"foreignInstall":false,"hasBinaryComponents":false,"strictCompatibility":false,"locales":[],"targetApplications":[{"id":"{ec8030f7-c20a-464f-9b0e-13a3a9e97384}","minVersion":"55","maxVersion":"55.*"}],"targetPlatforms":[],"multiprocessCompatible":true,"signedState":3,"seen":true,"dependencies":[],"hasEmbeddedWebExtension":false,"mpcOptedOut":false,"userPermissions":null,"icons":{},"iconURL":null,"icon64URL":null},{"id":"followonsearch@mozilla.com","syncGUID":"{858d7390-0005-5c4a-b957-4c45187eada8}","location":"app-system-addons","version":"0.9.4","type":"extension","internalName":null,"updateURL":null,"updateKey":null,"optionsURL":null,"optionsType":null,"aboutURL":null,"defaultLocale":{"name":"Follow-on Search Telemetry","description":null,"creator":null,"homepageURL":null},"visible":true,"active":true,"userDisabled":false,"appDisabled":false,"installDate":1505943446000,"updateDate":1505943446000,"applyBackgroundUpdates":1,"bootstrap":true,"path":"/Users/tnek/Library/Application Support/Firefox/Profiles/fk1onhl4.default/features/{c1d15c9e-f52f-cb40-870b-2eca8369cabb}/followonsearch@mozilla.com.xpi","skinnable":false,"size":25847,"sourceURI":"file:///var/folders/wk/1cwk8h5s3pl3h47ghpx2h_0c0000gn/T/tmpaddon-9f8968","releaseNotesURI":null,"softDisabled":false,"foreignInstall":false,"hasBinaryComponents":false,"strictCompatibility":false,"locales":[],"targetApplications":[{"id":"{ec8030f7-c20a-464f-9b0e-13a3a9e97384}","minVersion":"52.0","maxVersion":"59.*"}],"targetPlatforms":[],"multiprocessCompatible":true,"signedState":3,"seen":true,"dependencies":[],"hasEmbeddedWebExtension":false,"mpcOptedOut":false,"userPermissions":null,"icons":{},"iconURL":null,"icon64URL":null},{"id":"onboarding@mozilla.org","syncGUID":"{0164881b-cc44-1543-ab02-20af44de7df8}","location":"app-system-addons","version":"0.1","type":"extension","internalName":null,"updateURL":null,"updateKey":null,"optionsURL":null,"optionsType":null,"aboutURL":null,"defaultLocale":{"name":"Photon onboarding","description":"Photon onboarding for Shield study","creator":"Rex Lee <rexboy@mozilla.com>","homepageURL":null},"visible":true,"active":true,"userDisabled":false,"appDisabled":false,"installDate":1505943446000,"updateDate":1505943446000,"applyBackgroundUpdates":1,"bootstrap":true,"path":"/Users/tnek/Library/Application Support/Firefox/Profiles/fk1onhl4.default/features/{c1d15c9e-f52f-cb40-870b-2eca8369cabb}/onboarding@mozilla.org.xpi","skinnable":false,"size":595152,"sourceURI":"file:///var/folders/wk/1cwk8h5s3pl3h47ghpx2h_0c0000gn/T/tmpaddon-7379a9","releaseNotesURI":null,"softDisabled":false,"foreignInstall":false,"hasBinaryComponents":false,"strictCompatibility":false,"locales":[],"targetApplications":[{"id":"{ec8030f7-c20a-464f-9b0e-13a3a9e97384}","minVersion":"55.0","maxVersion":"*"}],"targetPlatforms":[],"multiprocessCompatible":true,"signedState":3,"seen":true,"dependencies":[],"hasEmbeddedWebExtension":false,"mpcOptedOut":false,"userPermissions":null,"icons":{},"iconURL":null,"icon64URL":null},{"id":"screenshots@mozilla.org","syncGUID":"{19c804cc-739e-014d-8914-8baab88bfe47}","location":"app-system-addons","version":"10.12.0","type":"extension","internalName":null,"updateURL":null,"updateKey":null,"optionsURL":null,"optionsType":null,"aboutURL":null,"defaultLocale":{"name":"Firefox Screenshots","description":null,"creator":null,"homepageURL":"https://pageshot.net/"},"visible":true,"active":true,"userDisabled":false,"appDisabled":false,"installDate":1505943446000,"updateDate":1505943446000,"applyBackgroundUpdates":1,"bootstrap":true,"path":"/Users/tnek/Library/Application Support/Firefox/Profiles/fk1onhl4.default/features/{c1d15c9e-f52f-cb40-870b-2eca8369cabb}/screenshots@mozilla.org.xpi","skinnable":false,"size":756267,"sourceURI":"file:///var/folders/wk/1cwk8h5s3pl3h47ghpx2h_0c0000gn/T/tmpaddon-57d10b","releaseNotesURI":null,"softDisabled":false,"foreignInstall":false,"hasBinaryComponents":false,"strictCompatibility":false,"locales":[],"targetApplications":[{"id":"{ec8030f7-c20a-464f-9b0e-13a3a9e97384}","minVersion":"51.0a1","maxVersion":"*"}],"targetPlatforms":[],"multiprocessCompatible":true,"signedState":3,"seen":true,"dependencies":[],"hasEmbeddedWebExtension":false,"mpcOptedOut":false,"userPermissions":null,"icons":{},"iconURL":null,"icon64URL":null}]}